                  epoch,         train/box_loss,         train/cls_loss,         train/dfl_loss,   metrics/precision(B),      metrics/recall(B),       metrics/mAP50(B),    metrics/mAP50-95(B),           val/box_loss,           val/cls_loss,           val/dfl_loss,                 lr/pg0,                 lr/pg1,                 lr/pg2
                      1,                 1.4614,                  1.054,                 1.2811,                0.93644,                0.85707,                0.90804,                  0.553,                 1.3407,                 1.0813,                 1.3559,               0.070019,              0.0033312,              0.0033312
                      2,                 1.3772,                0.86134,                 1.2802,                0.93396,                0.87772,                0.93464,                0.59196,                 1.3018,                0.83531,                 1.3425,                 0.0387,              0.0053449,              0.0053449
                      3,                 1.3242,                0.77893,                 1.2562,                0.95705,                0.91033,                0.94497,                0.60965,                 1.2415,                0.69667,                 1.2712,              0.0060603,              0.0060387,              0.0060387
                      4,                 1.2509,                0.68975,                 1.2149,                0.94834,                0.92011,                0.94641,                 0.6148,                 1.2541,                0.65067,                 1.2923,                0.00406,                0.00406,                0.00406
                      5,                 1.2086,                0.62015,                 1.1889,                0.97284,                0.93043,                0.96366,                0.65492,                 1.1414,                0.56111,                 1.2149,                0.00208,                0.00208,                0.00208
